,nro_conabip,mail
0,200,No posee mail
1,1062,bipobrchaves@yahoo.com.ar
2,3792,bpmgandhi@tutopia.com
3,3952,bib_manuelbelgrano_glew@yahoo.com.ar
4,3841,atahualpa1999@gmail.com
5,3950,No posee mail
6,2296,bibpopularmitre@yahoo.com.ar
7,3063,spebpop@gmail.com
8,3561,bipopalacios@yahoo.com.ar
9,4192,bsfsarmiento1925@yahoo.com.ar
10,3193,No posee mail
11,111,No posee mail
12,2068,bibliochillar@yahoo.com.ar
13,1663,bibliotecabmitre@yahoo.com.ar
14,4137,simonrodriguezbiblioteca@gmail.com
15,2871,No posee mail
16,3718,No posee mail
17,2688,bibmitre@yahoo.com.ar
18,1280,bpmbelgrano@hotmail.com
19,4169,ranelaghbibliocampo@yahoo.com.ar
20,2082,No posee mail
21,2473,bibliotecaguiraldes@yahoo.com.ar
22,1857,No posee mail
23,258,sanjose@servicoopsa.com.ar
24,1381,No posee mail
25,3890,bibliotecaipora2000@yahoo.com.ar
26,3591,glabuscfliawach@gmail.com
27,1770,bibjbalberdi@gmail.com
28,3364,nancy_flo@hotmail.com
29,167,No posee mail
30,861,alberdibiblio@yahoo.com.ar
31,2843,bibliotecaameghino@gmail.com
32,1733,No posee mail
33,3522,No posee mail
34,1707,No posee mail
35,4119,No posee mail
36,3292,bibliotecaglavalle@hotmail.com
37,2697,No posee mail
38,3476,No posee mail
39,3836,No posee mail
40,4122,No posee mail
41,4349,No posee mail
42,3925,No posee mail
43,4177,bpaliciatmorales_garre@yahoo.com.ar
44,2998,No posee mail
45,1248,bibliopopalmafuerte@yahoo.com.ar
46,1809,biblioteca9dejulio@gmail.com
47,4389,piosoberanobibliotecapopular@gmail.com
48,3928,No posee mail
49,1973,No posee mail
50,3717,bib.homeromanzi@gmail.com
51,3786,No posee mail
52,4376,lagrietaylachicharra@gmail.com
53,249,No posee mail
54,3448,No posee mail
55,4021,No posee mail
56,3649,No posee mail
57,4135,bibliotecapopularmontechingolo@gmail.com
58,2676,balberdiescalada@gmail.com
59,2767,bibliotecabarriocanal@yahoo.com.ar
60,2872,bibvedia@yahoo.com.ar
61,2366,No posee mail
62,2729,bibliosalas@yahoo.com.ar
63,3865,No posee mail
64,173,bibliotecamentruytespectaculos@gmail.com
65,3182,No posee mail
66,1257,bibliotecaopendoor@hotmail.com
67,4219,bpegirardengo@gmail.com
68,3668,monbe3@hotmail.com
69,4151,No posee mail
70,1998,bibliopop.gsm@gmail.com
71,194,biblsarmiento_mercedes@hotmail.com
72,4199,No posee mail
73,3805,No posee mail
74,2673,bibliotecambon@live.com.ar
75,3944,No posee mail
76,3248,bphoracioquiroga@hotmail.com
77,2804,bibliopop.pasodelrey@hotmail.es
78,1391,No posee mail
79,2277,No posee mail
80,4371,No posee mail
81,4384,delotroladodelarbolenolavarria@gmail.com
82,1246,bibpopcervantes@yahoo.com.ar
83,2646,bibliotecamadero@live.com.ar
84,4344,biblioteca.palabrasdelalma@gmail.com
85,3912,No posee mail
86,4222,bibliotecapopularsur@yahoo.com.ar
87,2158,No posee mail
88,3752,bastorni@yahoo.com.ar
89,2788,bibliotecapopularpedrogoyena@yahoo.com.ar
90,3040,No posee mail
91,2554,No posee mail
92,3794,No posee mail
93,262,No posee mail
94,236,biblioteca_jbalberdi@yahoo.com.ar
95,232,No posee mail
96,2115,No posee mail
97,3790,No posee mail
98,4030,No posee mail
99,4188,bpcavajoven@yahoo.com.ar
100,1242,bpalberdi@gmail.com
101,1178,bibliotecarivadavia@yahoo.es
102,3473,chapmaris@hotmail.com
103,3728,No posee mail
104,3644,bphmunzon@hotmail.com
105,4212,bpelfaro@gmail.com
106,1627,No posee mail
107,240,bpbrtandil@hotmail.com
108,3001,bibliotecasarmiento1940@yahoo.com.ar
109,3302,No posee mail
110,3945,No posee mail
111,4005,bibliotecammoreno@hotmail.com
112,3318,bibliotecaeltalar@yahoo.com.ar
113,3650,No posee mail
114,957,No posee mail
115,4352,bpseamoslibres@yahoo.com
116,244,bibliotecarivadavia_tl@yahoo.com.ar
117,3837,bibliohoussay@yahoo.com.ar
118,4017,biblioluzycultura@hotmail.com
119,259,bibsarmiento@3net.com.ar
120,4221,bibliotecalatranquera@hotmail.com
121,1028,lamitredecaseros@gmail.com
122,1019,No posee mail
123,3254,bibliotecaascasubi2019@gmail.com
124,2040,bbcamitre@yahoo.com.ar
125,914,cpcultura@hotmail.com
126,3747,No posee mail
127,1045,No posee mail
128,740,No posee mail
129,3655,No posee mail
130,3660,No posee mail
131,3541,No posee mail
132,862,No posee mail
133,1053,No posee mail
134,2967,bibliotecapopularsumalao@hotmail.com
135,3344,biblioteca-eet5@hotmail.com
136,3672,No posee mail
137,2996,No posee mail
138,3003,bibliotecapibernus@hotmail.com
139,3491,No posee mail
140,2907,bcapopularcastellichaco@yahoo.com.ar
141,3459,bibnoronha@yahoo.com.ar
142,3582,bibliotecafontana@gmail.com
143,3674,andolfibiblioteca@hotmail.com
144,992,bipisarello@yahoo.com.ar
145,2198,bcalynch50@yahoo.com.ar
146,2549,No posee mail
147,3148,nuestrabiblio@hotmail.com
148,3281,bibliotecapopulartorres@yahoo.com.ar
149,3345,biblioguasti@yahoo.com.ar
150,3432,bibpopbrumana@hotmail.com
151,3477,bcaperon@yahoo.com.ar
152,3543,bibliobligado@hotmail.com
153,3670,No posee mail
154,2185,biblioteca113@yahoo.com.ar
155,3460,meduc.bibws@ecomchaco.com.ar
156,3510,No posee mail
157,4326,No posee mail
158,3821,bibliotecapopularelmaiten@gmail.com
159,4161,No posee mail
160,2414,No posee mail
161,3041,bibliopopberwyn@gmail.com
162,1819,bpaatw@gmail.com
163,3256,No posee mail
164,3355,No posee mail
165,3632,bibloprogreso4@hotmail.com
166,3732,bp.benedictoterrone@gmail.com
167,4324,No posee mail
168,3884,No posee mail
169,1375,bibliotecabecciu@gmail.com
170,1793,No posee mail
171,1991,No posee mail
172,2828,No posee mail
173,2994,bibliotecarebagliati@yahoo.com.ar
174,18,asociacionroffo@yahoo.com.ar
175,32,bibliotecapopularalberdi@yahoo.com.ar
176,2949,No posee mail
177,3042,bibliotecamalvinasargentinas@hotmail.com
178,3127,nuevabibliomatienzo@hotmail.com
179,3789,No posee mail
180,4243,bibliotecacortazarcba@yahoo.com.ar
181,4286,bibliotecapopularlibertad@yahoo.com.ar
182,4285,No posee mail
183,2045,No posee mail
184,4383,sayanacentroculturaleltalar@hotmail.com
185,4203,bibliotecaragonking@yahoo.com.ar
186,4277,bibliocawana@gmail.com
187,545,b.sarmiento@hotmail.com
188,1403,bibliotecamm2013@gmail.com
189,1872,bjingenieros@intinet.com.ar
190,3782,No posee mail
191,4014,No posee mail
192,2321,bibliotecacdb@yahoo.com
193,3593,bipop3593@hotmail.com
194,2197,No posee mail
195,544,bibliotecaflorentinoameghino@hotmail.com
196,549,No posee mail
197,4283,No posee mail
198,1756,bibatelleria@hotmail.com
199,3011,biblioasuncion@hotmail.com
200,2751,No posee mail
201,4097,bpscoronel@yahoo.com.ar
202,3729,gracielavaia@hotmail.com
203,2925,No posee mail
204,2794,No posee mail
205,2534,bpsmo@yahoo.com.ar
206,3333,No posee mail
207,4213,bibliotecapopularvilladelasrosas@yahoo.com.ar
208,4118,No posee mail
209,3853,bivignaud536@hotmail.com
210,1824,bibliotecapopularjifreyre@gmail.com
211,3623,No posee mail
212,1176,No posee mail
213,4232,No posee mail
214,2426,No posee mail
215,4026,No posee mail
216,4101,bibliotecaarnalponti@yahoo.com.ar
217,4042,bibliorayuela@yahoo.com.ar
218,3520,bibpopjamescraik@hotmail.com
219,873,No posee mail
220,586,bibliommm@yahoo.com.ar
221,2203,biblio_we@hotmail.com
222,495,biblioctesmagda@hotmail.com
223,2735,No posee mail
224,3317,bparandu@hotmail.com
225,3337,nanuva03@yahoo.com.ar
226,1373,No posee mail
227,509,literariabelgrano@gmail.com
228,2918,No posee mail
229,1311,No posee mail
230,3909,No posee mail
231,4224,No posee mail
232,3757,bipsancosme@gmail.com
233,3716,No posee mail
234,2970,bibliotecavnc@cableat.net
235,4077,No posee mail
236,4110,bpcgs4110@hotmail.com
237,1251,fabricacolon@hotmail.com
238,319,man.1872@concordia.com.ar
239,392,No posee mail
240,341,bibliosarmiento@yahoo.com
241,4240,teresamajul@hotmail.com
242,1615,bporientacion@arnet.com.ar
243,3751,bibliotecalosaromos@gmail.com
244,4111,No posee mail
245,4388,bibliotecapestacion@hotmail.com
246,3179,No posee mail
247,3495,No posee mail
248,3761,No posee mail
249,3721,No posee mail
250,3713,No posee mail
251,4098,No posee mail
252,3985,No posee mail
253,3183,No posee mail
254,771,No posee mail
255,3348,No posee mail
256,3575,bibliosanjoseobrero@hotmail.com
257,1260,No posee mail
258,3276,No posee mail
259,3059,No posee mail
260,774,No posee mail
261,3215,bmfierrodoblas@cosedo.com.ar
262,3279,bibliotecalaadela@hotmail.com
263,3377,No posee mail
264,3737,bibliorodo@cpenet.com.ar
265,4251,bibliotecapopularteresaperez@gmail.com
266,4345,bpmalvinasargentinas@gmail.com
267,3214,bibliochapaleufu@hotmail.com
268,806,sonirack77@yahoo.com.ar
269,4080,bibliotecarosales@hotmail.com
270,1945,biblioamartello@hotmail.com
271,3531,No posee mail
272,3171,No posee mail
273,3177,No posee mail
274,3347,biblioacha@yahoo.com.ar
275,718,bibliotecamarianomoreno@gmail.com
276,2687,No posee mail
277,4187,bibliociudadnar@hotmail.com
278,1805,No posee mail
279,1993,No posee mail
280,716,biblioteca026@gmail.com
281,726,No posee mail
282,723,No posee mail
283,1997,No posee mail
284,4090,No posee mail
285,4103,No posee mail
286,3266,bibescritoresalvearenses@gmail.com
287,4085,No posee mail
288,3497,bipo_jnazareno@yahoo.com.ar
289,3720,No posee mail
290,3993,No posee mail
291,4049,No posee mail
292,2894,biblioteca_pujadas@hotmail.com
293,2665,No posee mail
294,3190,bibdigenaro@yahoo.com.ar
295,4173,bibliotecarojasmza@hotmail.com
296,676,No posee mail
297,3265,No posee mail
298,4100,No posee mail
299,4293,bibliotecacirot@gmail.com
300,4211,No posee mail
301,802,No posee mail
302,793,bibposadas@arnetbiz.com.ar
303,3777,No posee mail
304,4258,bpsurargentino@yahoo.com
305,2995,No posee mail
306,3304,bibliotecahquir@yahoo.com.ar
307,3374,No posee mail
308,4214,No posee mail
309,3445,No posee mail
310,3210,No posee mail
311,824,bibliotecaolascoaga_chosmalal@yahoo.com.ar
312,4208,No posee mail
313,3840,No posee mail
314,3100,bibliolimay@yahoo.com.ar
315,3134,No posee mail
316,3220,bibliopopularkiquesanchezvera@gmail.com
317,3222,info.biblioberbel@gmail.com
318,3646,bib.granneuquen@hotmail..com
319,4123,No posee mail
320,4269,No posee mail
321,3099,bibliomalargen@hotmail.com
322,3169,No posee mail
323,3129,No posee mail
324,3150,bibliotecadelninio@hotmail.com
325,1303,secretaria@bibliotecasarmiento.com.ar
326,4373,labiblio.bibliotecaries@gmail.com
327,829,bibliotecageneralconesa@gmail.com
328,4201,No posee mail
329,1695,No posee mail
330,3195,bibliotecaraulentraigas@hotmail.com
331,3735,bibliotecaescritora@gmail.com
332,4087,No posee mail
333,3634,bibliopopulardecordero@yahoo.com.ar
334,3082,bipocre@hotmail.com
335,3415,No posee mail
336,3466,No posee mail
337,3105,No posee mail
338,3388,No posee mail
339,3141,No posee mail
340,1885,No posee mail
341,4335,No posee mail
342,1464,No posee mail
343,3084,No posee mail
344,3758,No posee mail
345,3914,No posee mail
346,3125,biblo424@hotmail.com
347,3605,No posee mail
348,3704,No posee mail
349,3838,bibliotecanoragodoy@hotmail.com
350,3791,No posee mail
351,752,No posee mail
352,3610,martinfierro2004jh@yahoo.com.ar
353,1366,sarmientobp1366@gmail.com
354,3759,bibaguaray@hotmail.com
355,4083,bibliotecaelmolino4083@yahoo.com.ar
356,760,No posee mail
357,3974,No posee mail
358,3686,No posee mail
359,4094,No posee mail
360,2620,biblpoplasflores2620@yahoo.com.ar
361,1729,No posee mail
362,3998,Bibliotecapop7@gmail.com
363,4263,No posee mail
364,2152,bibliotecajuanromulofernandez@hotmail.com
365,3464,No posee mail
366,4063,No posee mail
367,3637,bibgsm@yahoo.com.ar
368,4279,bpmariowvictorio@gmail.com
369,3398,No posee mail
370,601,No posee mail
371,3487,No posee mail
372,3397,No posee mail
373,2639,bibliotecaisaacnewton@gmail.com
374,3230,No posee mail
375,3500,biblioaimepaine@hotmail.com
376,1426,No posee mail
377,3407,No posee mail
378,3484,biblioteca@riogallegos.gov.ar
379,3527,bibliokunfiquiros@yahoo.com
380,3512,No posee mail
381,4304,biblioculturaelchalten@yahoo.com.ar
382,3567,No posee mail
383,490,biblioteca9dejulio@tostado.com.ar
384,2951,bibliotecajhernandez@arnet.com.ar
385,1936,bibliotecamdeoca@redcrs.com.ar
386,2760,bibelateneo@gmail.com
387,3342,No posee mail
388,472,No posee mail
389,4316,bib-alfonsinastorni.cbicha@hotmail.com
390,2941,No posee mail
391,1188,No posee mail
392,935,No posee mail
393,1116,No posee mail
394,3678,No posee mail
395,2256,No posee mail
396,1808,binioro@gmail.com
397,1749,No posee mail
398,1994,No posee mail
399,3603,No posee mail
400,3812,graciela_2102@hotmail.com
401,4360,bibliotecafortinarenales@outlook.es
402,414,biblioteca.br@gmail.com
403,1145,No posee mail
404,2831,bibliosarmientoadeo@hotmail.com
405,3817,No posee mail
406,4070,giaconecarlos@yahoo.com.ar
407,973,amigosdelabibliotecasarmiento@gmail.com
408,2913,ccvigilveloisa@outlook.com
409,3558,No posee mail
410,1771,No posee mail
411,1016,bibpop@santafe-conicet.gov.ar
412,2331,bibmaestro@gmail.com
413,2772,bpizzurnosfe@hotmail.com
414,3934,bibliotecabica@gmail.com
415,4391,No posee mail
416,2698,No posee mail
417,3873,bibliote@pilar-sfe.com.ar
418,4226,bibliotecapopularmed@hotmail.com
419,3978,bibliotecammsjn@hotmail.com
420,2110,No posee mail
421,430,No posee mail
422,3898,bpelbuensaber2004@yahoo.com.ar
423,440,No posee mail
424,982,bibliotecaamoralestudio@hotmail.com
425,2005,bibliohomero@hotmail.com
426,2094,bibpopfherrera@yahoo.com.ar
427,3528,bibliolaflorida@yahoo.com.ar
428,3869,bibliorfontanarrosa@hotmail.com
429,3820,No posee mail
430,3911,masosa@cooparrufo.com.ar
431,4157,compartir-08@hotmail.com
432,4038,bibliojmigno@yahoo.com.ar
433,4282,bpcdiaz@hotmail.com
434,1152,bibliotecasarmiento@arnet.com.ar
435,3538,No posee mail
436,489,No posee mail
437,1119,bibliotecacdarosquin@velosat.com.ar
438,3013,bibliotecapopulardelandeta@gmail.com
439,2946,No posee mail
440,4223,bpalejandria@outlook.com
441,1395,No posee mail
442,4029,bibjhernandez4029@yahoo.com.ar
443,4015,bibliopopularfelicia@outlook.com
444,4044,No posee mail
445,4174,bibpopmarianomoreno@yahoo.com.ar
446,3699,No posee mail
447,3703,bpnassif@hotmail.com
448,2311,No posee mail
449,2456,No posee mail
450,2763,bibliotecapopularconradojuarez@hotmail.com
451,3123,bpcarlospellegrini@live.com.ar
452,3274,bpsanmartinlabanda@hotmail.com.ar
453,3827,bibpopriodulce@hotmail.com
454,621,bibliotecasociedadsarmiento@hotmail.com
455,1665,No posee mail
456,3428,No posee mail
457,3566,bibliosigloveintiuno@hotmail.com
458,616,No posee mail
459,1179,bibsarmientoanatuya@hotmail.com
460,1361,No posee mail
461,3340,bibliotecakaukren@hotmail.com
462,3951,nuestra_biblioteca@hotmail.com
463,4150,bplmp@hotmail.com
464,1489,No posee mail
465,2032,No posee mail
466,640,No posee mail
467,3532,bibliopadresaravia@gmail.com
468,661,No posee mail
469,1799,bpcnv@yahoo.com.ar
470,3077,No posee mail
471,3291,No posee mail
472,1658,No posee mail
473,4158,bibliolaranda@yahoo.com.ar
474,88,No posee mail
475,1554,eleana_1983@hotmail.com
476,2870,bibliorojaspaz@gmail.com
477,3719,bibliotecapopularpteavellaneda@yahoo.com.ar
478,3051,bnicolasavellaneda@yahoo.com.ar
479,3392,No posee mail
480,3587,bibliotecamallea@yahoo.com.ar
481,4022,bibpopgabmistral@yahoo.com.ar
482,1465,bibliomarianomorenoiw@gmail.com
483,3132,bibliotecapronsato@yahoo.com.ar
484,2159,No posee mail
485,2723,bipopbernaltorres@gmail.com
486,1769,bpurdampilleta@yahoo.com.ar
487,2191,bbelgrano@yahoo.com.ar
488,1266,bibliotecapopulardfsarmiento@hotmail.com
489,268,bibliotejedor@yahoo.com.ar
490,270,bibliocada@yahoo.com.ar
491,105,bibliotecanovaro@hotmail.com
492,1312,No posee mail
493,3483,biblioelperdido@gmail.com
494,3894,bibliotecapopularhuanguelen@gmail.com
495,3647,No posee mail
496,4065,anamzanoni@yahoo.com.ar
497,1673,bp20dediciembre@gmail.com
498,3499,arravera@hotmail.com
499,3891,No posee mail
500,131,bibliofbalcarce@yahoo.com.ar
501,2914,nesoa_07@yahoo.com.ar
502,3633,bibliogranada@yahoo.com.ar
503,4002,bibliotecalatradicion@yahoo.com.ar
504,3696,biblo093@yahoo.com.ar
505,3574,bibliotecamardeltuyu@yahoo.com.ar
506,3910,No posee mail
507,3128,ctc0057@hotmail.com
508,3241,No posee mail
509,4010,amigosdelatablada@yahoo.com.ar
510,3736,No posee mail
511,1747,No posee mail
512,1830,No posee mail
513,2436,bibliojuanvucetich@gmail.com
514,2546,No posee mail
515,3313,No posee mail
516,3877,biblioteca_elizalde@yahoo.com.ar
517,3954,casadeltango_lp@hotmail.com.ar
518,4171,ongenlazandopalabras@hotmail.com
519,1920,bibpopmarianomoreno@hotmail.com
520,4117,No posee mail
521,3153,nuevabibliomatienzo@hotmail.com
522,279,No posee mail
523,3622,bibliopopularsanmanuel@gmail.com
524,4196,bipopu_argentinos07@yahoo.com.ar
525,4115,bibjuliocortazar@yahoo.com.ar
526,2401,bibliolonghi@hotmail.com
527,3754,bibliotecasanjose2000@yahoo.com.ar
528,4262,No posee mail
529,4241,bibliotecadepiran@yahoo.com.ar
530,3303,No posee mail
531,3949,No posee mail
532,4336,bibliotkalmafuerte@gmail.com
533,3886,No posee mail
534,4106,No posee mail
535,4274,biblioparlantesur@hotmail.com
536,3901,biblioteca_jsgaviota@hotmail.com
537,1710,No posee mail
538,3552,biblioquequen@hotmail.com
539,3889,No posee mail
540,215,bibrivadavia@gmail.com
541,1743,bibliomo@hotmail.com
542,3966,bibliopuma@yahoo.com.ar
543,4250,marianoadot6@yahoo.com.ar
544,2984,No posee mail
545,98,No posee mail
546,3157,bibliozampa@hotmail.com
547,3697,bibliomunicipal.rivadavia@gmail.com
548,3829,No posee mail
549,210,bib.sarmiento.pigue@gmail.com
550,3659,No posee mail
551,4031,No posee mail
552,4061,No posee mail
553,192,No posee mail
554,3866,No posee mail
555,287,bibliopopsanmartin2001@yahoo.com.ar
556,3628,No posee mail
557,3960,No posee mail
558,2830,bibliopombo@gmail.com
559,4178,humbertobielli@hotmail.com
560,2691,No posee mail
561,1228,bibliotecadfsarmiento@gmail.com
562,997,bpsarkorn@yahoo.com.ar
563,3802,bpalbarracin@yahoo.com.ar
564,3906,bibliotecaghezzi@gmail.com
565,4132,No posee mail
566,3050,biblios@netben.com.ar
567,3689,bpjingenieros@hotmail.com
568,3262,bibliotecasaldungaray@gmail.com
569,4120,bpmacedonio@gmail.com
570,2405,No posee mail
571,2275,bibitalar@hotmail.com
572,3727,biblo15deagosto@hotmail.com
573,2711,biblioteca_jose_ingenieros@yahoo.com.ar
574,1191,biblioalmafuerte@hotmail.com
575,3880,No posee mail
576,3830,bibliotecapopularbdelom@yahoo.com.ar
577,2954,No posee mail
578,3797,No posee mail
579,3526,No posee mail
580,3017,No posee mail
581,3471,No posee mail
582,3469,bibliotecapopularfranco@hotmail.com
583,3654,bibliotecasantarosa@yahoo.com.ar
584,1377,No posee mail
585,3310,biblpoparc@yahoo.com.ar
586,3389,gladysf_cajcepn7@yahoo.com.ar
587,3409,bibliovigil21@gmail.com
588,2999,No posee mail
589,3548,bibliotecaaguado_lv@hotmail.com
590,3456,bcajaimehomar@yahoo.com.ar
591,3673,bibliotecabp136@hotmail.com.ar
592,3612,No posee mail
593,3555,No posee mail
594,783,bibliommoreno@hotmail.com
595,3450,bib.juanramonlestani@hotmail.com
596,4313,bibliotecamalvinas@hotmail.com
597,3005,delcentenario1@hotmail.com
598,3349,bibpopesas@hotmail.com
599,3418,bibliotecaurdapilleta@hotmail.com.ar
600,3446,bibliope_bartolomemitre@hotmail.com
601,3564,No posee mail
602,3549,domingocapozzolo@yahoo.es
603,3000,bibricardoguiraldes@yahoo.com.ar 
604,4259,bibliotecachubutparatodos@hotmail.com
605,4047,bibrincon@gmail.com
606,3899,ledmuriel@yahoo.com
607,4331,hola@labibliotecadeastra.com
608,3773,No posee mail
609,3378,karinaovelar@hotmail.com
610,3080,bibpopfcoguerra84@hotmail.com
611,2551,biblioteca2551@yahoo.com.ar
612,3402,No posee mail
613,3667,No posee mail
614,2675,No posee mail
615,4266,bplamemoria@gmail.com
616,4318,No posee mail
617,1943,bibliotecabrivadavia@yahoo.com.ar
618,2111,centroproteccion@latinmail.com
619,3270,No posee mail
620,4197,bpflacroze@gmail.com
621,28,bibliotecapueyrredon@hotmail.com
622,3645,bibliotecarojas@yahoo.com.ar
623,870,biblialberdi@yahoo.com.ar
624,3218,No posee mail
625,3572,bibliotecapopularhugowast@yahoo.com.ar
626,3845,biblioalfonsinastorni@gmail.com
627,4028,bpatahualpa@hotmail.com
628,4309,bibliopopmadretc@yahoo.com.ar
629,547,No posee mail
630,4290,bping.dumesnil@hotmail.com
631,2924,No posee mail
632,582,No posee mail
633,3723,bpjhernandez@hotmail.com
634,2615,bibpopjlc@yahoo.com.ar
635,2884,No posee mail
636,2424,No posee mail
637,1758,juanbenitzbiblioteca@gmail.com
638,1867,bibliotecapopularsarmiento@yahoo.com.ar
639,2148,No posee mail
640,3568,bpbischoff@hotmail.com
641,2900,No posee mail
642,2866,bibliotecarrojas@hotmail.com
643,1500,juanbalberdi1500@yahoo.com.ar
644,584,No posee mail
645,4312,bpjlborgeslapuerta@hotmail.com
646,4395,bibliotecaelmanantialcb@gmail.com
647,4294,bibliotecapopulardeluyaba@yahoo.com.ar
648,3666,No posee mail
649,3931,fernandoercole@hotmail.com
650,2265,No posee mail
651,3997,bpmarianomoreno@yahoo.com.ar
652,3044,No posee mail
653,3744,No posee mail
654,4362,bplaurdimbre@gmail.com
655,4126,bibliomanuelamedina@yahoo.com.ar
656,2081,No posee mail
657,1837,atleticopascanas@yahoo.com.ar
658,492,No posee mail
659,494,No posee mail
660,3298,librosabato@yahoo.com.ar
661,3368,No posee mail
662,4165,coembapora@yahoo.com.ar
663,501,bpsarmientogoya@gmail.com
664,1957,bibliotecapopularalvear@hotmail.com
665,504,No posee mail
666,3472,bpleamosjuntos2010@hotmail.com
667,2419,No posee mail
668,1530,bibliotecasarmientomercedes@gmail.com
669,1918,No posee mail
670,4088,bpramonbarboza@hotmail.com
671,3559,No posee mail
672,3285,bp3285@bepe.ar
673,512,biblioteca512@hotmail.com
674,523,No posee mail
675,3778,No posee mail
676,385,bibliotecapopularurquiza@multichajari.com.ar 
677,338,bibliotecapop.67@gmail.com
678,3614,luzdeprovincia@arnet.com.ar
679,2266,bibliotecalopezjordangchu@gmail.com
680,3798,bpsm3798@hotmail.com
681,330,No posee mail
682,370,No posee mail
683,3401,bibliotecase@hotmail.com
684,3290,laviejaestacionhernandez@hotmail.com
685,4297,No posee mail
686,3511,No posee mail
687,401,bibliotecacarruego@gmail.com 
688,303,bibliotecapopularelporvenir@yahoo.com.ar
689,4359,bibliotecapopularsanjusto@hotmail.com
690,384,No posee mail
691,787,No posee mail
692,3435,No posee mail
693,3636,No posee mail
694,4236,No posee mail
695,2976,No posee mail
696,3314,bipopesfo@hotmail.com
697,2964,No posee mail
698,3780,No posee mail
699,3976,No posee mail
700,4275,No posee mail
701,3307,No posee mail
702,769,No posee mail
703,770,No posee mail
704,3682,No posee mail
705,3227,No posee mail
706,3275,No posee mail
707,4267,No posee mail
708,4281,No posee mail
709,772,No posee mail
710,4124,biblioteca_emorisoli@hotmail.com
711,3839,bp3839@bepe.ar
712,3321,No posee mail
713,3722,ivaveroferrer@yahoo.com.ar
714,3181,biblio_mayer@yahoo.com.ar
715,3563,No posee mail
716,3874,bibabramo@hotmail.com
717,1509,biblio_mb_luantoro@hotmail.com
718,815,bibliorica@yahoo.com.ar
719,808,bibliotecaestrada@yahoo.com
720,3231,josehernandezbp@yahoo.com.ar
721,2122,No posee mail
722,1477,bibliotecacaleufu@yahoo.com.ar
723,2457,No posee mail
724,823,biblioquetre@cernet.com.ar
725,3308,No posee mail
726,2647,bibliotecatrenel@yahoo.com.ar
727,719,No posee mail
728,1345,bmarcelinoreyes@gmail.com
729,3529,No posee mail
730,3918,No posee mail
731,3606,No posee mail
732,665,ifsapaag@hotmail.com
733,3486,bibliotecapmvivante@yahoo.com.ar
734,1256,bibliotecatomasgcruzcosta@hotmail.com
735,3613,bibliotecapopularlucilabombal@hotmail.com
736,3228,No posee mail
737,4246,biblioteca_pedro_azin@hotmail.com
738,689,bibliopop.julioaroca@gmail.com
739,3329,No posee mail
740,1276,bibliotecafranciscopenasco@yahoo.com.ar
741,4278,No posee mail
742,3360,No posee mail
743,3234,bibliotecapopularvistaflores@yahoo.com.ar
744,3299,bibcardozo@yahoo.com.ar
745,3336,bibpop3336@yahoo.com.ar
746,3995,No posee mail
747,4329,No posee mail
748,2939,No posee mail
749,4387,No posee mail
750,790,No posee mail
751,3324,No posee mail
752,3755,bpmejorpasar@hotmail.com.ar
753,3395,bibpetcoff@yahoo.com.ar
754,2944,bibliotecahoracioquiroga@live.com
755,4079,bibleer@yahoo.com.ar
756,4128,No posee mail
757,3217,No posee mail
758,4160,bibliotecaquintu@yahoo.com.ar
759,3092,butaruca@yahoo.com.ar
760,3536,No posee mail
761,3103,bpjcortazar@yahoo.com.ar
762,3146,No posee mail
763,3319,bpescritoresneuquinos@gmail.com
764,4032,No posee mail
765,4052,bibliotecadenevares@yahoo.com.ar
766,4152,No posee mail
767,3131,No posee mail
768,3160,No posee mail
769,3161,No posee mail
770,3919,bibliocarmen.mellado@gmail.com
771,4254,biblioteca15dejunio@hotmail.com
772,826,bp9jul@smandes.com.ar
773,3106,No posee mail
774,4273,No posee mail
775,4229,No posee mail
776,3095,No posee mail
777,4332,No posee mail
778,4130,No posee mail
779,4235,bibliotecapabloneruda@live.com.ar
780,3147,bibliotecapgv@yahoo.com.ar
781,3206,No posee mail
782,967,elarteesrealidad@yahoo.com.ar
783,3068,bibliotecalamarque@hotmail.com
784,3326,No posee mail
785,3601,No posee mail
786,3964,bibliofranciscomoreno@yahoo.com.ar
787,4181,biblioborges@hotmail.com
788,3081,No posee mail
789,3362,lesniniesprimero@gmail.com
790,4149,bibliopopluciaepullan@yahoo.com.ar
791,4374,bibliotecapuertodeleste@outlook.com
792,2926,bibliotecacincuentenario@yahoo.com.ar
793,3126,No posee mail
794,3651,elba_ugarte@hotmail.com
795,3677,No posee mail
796,3734,biposamposal@hotmail.com
797,3746,No posee mail
798,3822,bpsarmiento3822@hotmail.com
799,3991,No posee mail
800,4092,No posee mail
801,4108,No posee mail
802,1825,No posee mail
803,4062,No posee mail
804,3385,No posee mail
805,4194,No posee mail
806,3965,No posee mail
807,3745,bpsantavictoria@gmail.com 
808,4364,No posee mail
809,3733,marina_vilte@hotmail.com
810,1510,No posee mail
811,3294,No posee mail
812,3311,bibpopem@hotmail.com
813,3521,No posee mail
814,3108,cervantesbiblioteca98@gmail.com
815,4093,alfonsinastorni.rawsonsj@gmail.com
816,4217,bibliotecapopularsur@hotmail.es
817,3693,bibliotecapopularmarianomoreno@hotmail.com
818,1349,No posee mail
819,2938,No posee mail
820,709,No posee mail
821,4141,No posee mail
822,3109,biblioteca1defebrero@hotmail.com
823,3406,bibliolaescalera@hotmail.com
824,4354,bibliotecaullum@gmail.com
825,599,No posee mail
826,611,No posee mail
827,3933,No posee mail
828,3709,No posee mail
829,3356,No posee mail
830,4055,bpfourcade@yahoo.com.ar
831,987,mariel_ra19@live.com.ar
832,3443,No posee mail
833,4215,graciela.elisa.alcaraz@gmail.com
834,3350,No posee mail
835,608,bibliopop@live.com
836,3488,No posee mail
837,3580,No posee mail
838,3583,No posee mail
839,1001,No posee mail
840,3261,No posee mail
841,3259,biamigosdelsaber@yahoo.com.ar
842,411,bibcasado@arnet.com.ar
843,3007,No posee mail
844,3513,No posee mail
845,3238,No posee mail
846,4074,No posee mail
847,3032,bibcervantes3032@yahoo.com.ar
848,4045,No posee mail
849,3957,bpdomingogsilva@yahoo.com.ar
850,1319,No posee mail
851,419,No posee mail
852,2942,bibliotecalugones@bombal.net.ar
853,2037,crycuniondelnorte@gmail.com
854,2339,bibliorivadavia@hotmail.com
855,2182,No posee mail
856,3426,No posee mail
857,469,biblioameghino@powervt.com.ar
858,1014,No posee mail
859,4009,No posee mail
860,4060,bibliovillaana_1994@hotmail.com
861,2883,biblioastorni@yahoo.com.ar
862,2421,No posee mail
863,1083,bibalberdilp@hotmail.com
864,455,bibliomitre0455@yahoo.com.ar
865,2444,centro.espaniolbp.santafe@gmail.com
866,3639,No posee mail
867,4276,No posee mail
868,4302,bibliotecapopularsantafesina@hotmail.com
869,1144,bibliopopular@hotmail.com
870,461,No posee mail
871,1800,bibliotecajmalet@gmail.com
872,1093,bibaristobulo@yahoo.com.ar
873,1947,No posee mail
874,2237,No posee mail
875,2876,No posee mail
876,3907,bibliocachilo@gmail.com
877,3980,bibliotecaamaprosario@gmail.com
878,4012,No posee mail
879,4082,bpgastongori@hotmail.com
880,4191,nogaralito@hotmail.com
881,413,gorositodaniela@hotmail.com
882,1924,bpsarmiento.suardi@gmail.com
883,906,No posee mail
884,417,No posee mail
885,4068,bibliolacriolla@gcrespo.com.ar
886,473,bibliomarmol@live.com
887,4198,bibliotecaangelmedina@hotmail.com
888,3030,garabato@trcnet.com.ar
889,3390,bptanino@csdnet.com.ar
890,422,No posee mail
891,4209,No posee mail
892,1264,No posee mail
893,3192,No posee mail
894,1662,bibliounzaga@yahoo.es
895,3122,bpe_echeverria@hotmail.com
896,3124,No posee mail
897,3164,No posee mail
898,4059,No posee mail
899,4200,bp.canal-feijot-sgo@hotmail.es
900,4358,bibliotecashun.16@gmail.com
901,3598,No posee mail
902,3335,No posee mail
903,3893,No posee mail
904,4328,bibliotecaelalgarrobal@gmail.com
905,3540,No posee mail
906,3422,No posee mail
907,644,bipopalberdi100@hotmail.com
908,645,No posee mail
909,3119,bp_juanpablo2tuc@hotmail.com
910,4320,No posee mail
911,2260,No posee mail
912,642,sociedadybibliotecamitre@yahoo.com.ar
913,634,No posee mail
914,651,No posee mail
915,1170,No posee mail
916,2015,No posee mail
917,2814,No posee mail
918,2170,barrerabp@hotmail.com
919,90,No posee mail
920,4001,No posee mail
921,4260,neanvi@yahoo.com.ar
922,4136,bibliotecabravo@yahoo.com.ar
923,2790,No posee mail
924,4155,biblioduprat@gmail.com
925,3046,bibliotecapadremugica@hotmail.com
926,3033,bibliotecadeplatanos@yahoo.com.ar
927,2490,No posee mail
928,2492,No posee mail
929,3692,pascualruberto@hotmail.com
930,3749,No posee mail
931,2135,bpjimechita@live.com.ar
932,4142,bpjiwarnes@yahoo.com.ar
933,4166,gallardosandra@hotmail.com
934,3900,sanestebanbibliotecapopular@yahoo.com.ar <SANESTEBANBIBLIOTECAPOPULAR@YAHOO.COM.AR>
935,1002,bpalmafuerte@hotmail.com
936,4289,biblioellibroalegre@hotmail.com.ar
937,3045,No posee mail
938,113,bpsarmiento113@yahoo.com.ar
939,3189,biblioteka_jso@yahoo.com
940,4334,bibliomercedesdesanmartin@gmail.com
941,2225,No posee mail
942,1883,No posee mail
943,2151,No posee mail
944,2810,bpdfsts@yahoo.com.ar
945,3926,bibliotecahugodelcarril@gmail.com
946,4051,bibliostomas@yahoo.com.ar
947,4242,bpdemuro@live.com.ar
948,4170,bibliotecaflorenciosanchez@yahoo.com.ar
949,3518,biblioteca_miramar@yahoo.com.ar
950,276,No posee mail
951,174,No posee mail
952,126,No posee mail
953,2824,No posee mail
954,3922,bibliotecapopularjuan23@hotmail.com
955,2501,bibpopmm_lostoldos@yahoo.com.ar
956,4280,No posee mail
957,3196,biblio@cseca.com.ar
958,3194,biblio@servicoopsa.com.ar
959,3197,blynch@servicoopsa.com.ar
960,3339,biblioteca_fortingainza09@hotmail.com
961,4069,bparditirocha@hotmail.com
962,2923,No posee mail
963,3621,biblioapalacios@yahoo.com.ar
964,139,No posee mail
965,1054,No posee mail
966,1412,No posee mail
967,1874,armando_de_miguel@hotmail.com
968,4368,bibliotecasobral@yahoo.com.ar
969,4299,bibliotecamflara@hotmail.com
970,3293,fundaciondeliacdea@gmail.com
971,4182,bibliotecapopularrotaria@yahoo.com.ar
972,3203,bibalma@yahoo.com.ar
973,4338,bibliotecapopularimagen121@gmail.com
974,4041,biblioteca308@yahoo.com.ar
975,2585,bibliofameghino@yahoo.com.ar
976,165,bibliotecaalborada@yahoo.com
977,1483,No posee mail
978,2127,bprepetto@gmail.com
979,2757,No posee mail
980,4288,delotroladodelarbol@hotmail.com
981,3956,No posee mail
982,2438,No posee mail
983,4066,bibliotecatupacamaru@yahoo.com.ar
984,150,No posee mail
985,3431,bibliopopameghino@hotmail.com
986,294,bibliotecasarmiento@yahoo.com.ar
987,2134,bplaprida@yahoo.com.ar
988,1326,No posee mail
989,87,bibliotecapopular@live.com.ar
990,1684,bibliobayauca@hotmail.com
991,3946,No posee mail
992,177,bibliotecasarmientocoop@hotmail.com.ar
993,1232,No posee mail
994,175,ccplbsarmiento@yahoo.com.ar
995,1193,bibliocapponi@yahoo.com.ar
996,3796,No posee mail
997,3979,No posee mail
998,3823,No posee mail
999,4340,lecturaenck@gmail.com
1000,168,salonesbibliotecaameghino@gmail.com
1001,3656,No posee mail
1002,3351,No posee mail
1003,3999,info@bibliotecaguiraldes.com.ar
1004,2243,biblioteca@cbmm.com.ar
1005,2324,bibliogiuffra@hotmail.com
1006,3012,No posee mail
1007,197,No posee mail
1008,1309,joseestrada@arnet.com.ar.
1009,201,bibliotecaferroviaria@hotmail.com
1010,202,No posee mail
1011,3652,biblioteca_amoroso@yahoo.com.ar
1012,3939,No posee mail
1013,2371,bibliotecasb@yahoo.com.ar
1014,1977,No posee mail
1015,213,bibliotecamenendez@yahoo.com.ar
1016,4366,bibliotecamanzanares@hotmail.com
1017,2887,biblioteca@telpin.com.ar
1018,2209,No posee mail
1019,3984,bibliotecafundaterra@yahoo.com.ar
1020,2090,bibbosco@hotmail.com
1021,3878,No posee mail
1022,221,bibliotecapopulargsrauch@gmail.com
1023,233,No posee mail
1024,230,rot14@hotmail.com
1025,2815,bmarianomoreno@yahoo.com.ar
1026,3403,No posee mail
1027,231,noticiasmadero@gmail.com
1028,3060,No posee mail
1029,223,No posee mail
1030,3994,bibliorioplatense@hotmail.com
1031,4073,bibliomurillo@yahoo.com.ar
1032,3658,bibliotecaentretodos@yahoo.com.ar
1033,4116,bibdelcarmen709@gmail.com
1034,226,No posee mail
1035,1921,No posee mail
1036,1502,bibliotecaymuseo@yahoo.com.ar
1037,4367,biblioviejaescuela@gmail.com
1038,238,bibliotecajbalberdi@yahoo.com.ar
1039,3010,biblioteca_valor@hotmail.com
1040,4319,No posee mail
1041,3768,No posee mail
1042,3475,No posee mail
1043,4216,bibliotroncos@yahoo.com.ar
1044,3770,No posee mail
1045,3296,labibliomoreno@gmail.com
1046,1299,catriel_h@hotmail.com
1047,3383,biblioretaunmuli@3net.com.ar
1048,3267,bibsanfrabe@yahoo.com.ar
1049,4193,bibpopsanmartin@gmail.com
1050,4195,No posee mail
1051,3648,No posee mail
1052,3871,No posee mail
1053,729,No posee mail
1054,3701,No posee mail
1055,2365,No posee mail
1056,3712,No posee mail
1057,2958,bibpop-lacarrera@yahoo.com.ar
1058,2850,No posee mail
1059,1020,No posee mail
1060,3579,No posee mail
1061,742,No posee mail
1062,3630,No posee mail
1063,4105,bibliotecalaleonesa@yahoo.com.ar
1064,3465,bibliotecapueyrredon@gmail.com
1065,3671,No posee mail
1066,3675,No posee mail
1067,3458,anexo@vai.com.ar
1068,3353,bib_pop_estrada_plaza@hotmail.com
1069,2608,bibliotecaremediosdeescalada@yahoo.com.ar
1070,2686,bibliotecabelgrano@gmail.com
1071,3184,No posee mail
1072,3343,No posee mail
1073,3437,biblioprin@yahoo.com.ar
1074,3535,bibliotecabarzana@hotmail.com
1075,3711,No posee mail
1076,4180,No posee mail
1077,3316,No posee mail
1078,3506,bcapoptroncoso@hotmail.com
1079,3569,No posee mail
1080,3800,No posee mail
1081,4249,bibliotecatolkeyen@yahoo.com.ar
1082,3235,No posee mail
1083,3244,No posee mail
1084,3607,No posee mail
1085,3414,No posee mail
1086,2453,clara_petachi@hotmail.com
1087,3584,No posee mail
1088,4252,tesis11@tesis11.org.ar
1089,1843,bibliotecabelisarioroldan@yahoo.com.ar
1090,1975,No posee mail
1091,4341,biblio.26dejulio@gmail.com
1092,947,bpcienciaylabor@gmail.com
1093,1351,susanapariani@hotmail.com
1094,2177,bibliotecapopularmarianoboedo@yahoo.com.ar
1095,2916,bibazarolagil@hotmail.com
1096,2992,No posee mail
1097,3019,bibliobocajuniors@yahoo.com.ar
1098,4006,No posee mail
1099,4034,bibliotecapopularpiedrabuena@gmail.com
1100,4207,carlossanchezviamonte@yahoo.com.ar
1101,25,bibliotecaobrerajuanbjusto@gmail.com
1102,62,No posee mail
1103,77,No posee mail
1104,78,bibliotecajerodo@yahoo.com.ar
1105,4347,No posee mail
1106,3904,bibliopopularf.enrique@hotmail.com
1107,4346,bibliotecapopularlosreartes@gmail.com
1108,2768,No posee mail
1109,3769,biblio.vgb@gmail.com
1110,534,No posee mail
1111,3905,bibpopmijardin@gmail.com
1112,4322,bpbinaudi@gmail.com
1113,4351,bibliotecacasadelpueblo@gmail.com
1114,2157,No posee mail
1115,3665,No posee mail
1116,4037,bpdelcampillo@delcampillocoop.com.ar
1117,3772,No posee mail
1118,4398,bibliotecavillavaleria@gmail.com
1119,3031,No posee mail
1120,567,secretaria_gral@bibliotecarivadavia.edu.ar
1121,3691,biblioteca_altamira@hotmail.com
1122,3958,No posee mail
1123,2330,bp2330@bepe.ar
1124,1071,No posee mail
1125,555,No posee mail
1126,588,bibliosarmiento1915@yahoo.com.ar
1127,2851,No posee mail
1128,3138,No posee mail
1129,4244,biblio_alejocg@hotmail.com
1130,3586,bpguerbe@hotmail.com
1131,864,No posee mail
1132,3620,info@ordendelcolmenar.com.ar
1133,3983,bibliohornillos@yahoo.com.ar
1134,4145,biblioalicia16@yahoo.com.ar
1135,2008,No posee mail
1136,3576,No posee mail
1137,1541,bibliotecapopular4@gmail.com
1138,4392,bpgarabatos@gmail.com
1139,527,No posee mail
1140,3596,biblioppmfierrolp@hotmail.com
1141,3731,No posee mail
1142,1419,No posee mail
1143,2737,malambo_laborde@yahoo.com.ar
1144,4218,m10ruben@hotmail.com
1145,1070,No posee mail
1146,1078,bpjcontte1078@yahoo.com.ar
1147,3346,No posee mail
1148,3813,bibliotevaperon@arnet.com.ar
1149,4202,bpcbobsin@hotmail.com
1150,4104,bibliopopfm@hotmail.com
1151,3078,cuatiarenda_@hotmail.com
1152,1913,No posee mail
1153,4380,No posee mail
1154,502,bibliotecapopularrivera@hotmail.com
1155,3438,No posee mail
1156,1547,No posee mail
1157,3375,bibliotecapopularpasolibres@hotmail.com
1158,522,No posee mail
1159,4239,bibliotecaarroyobaru@hotmail.com
1160,306,bpfiatlux@gmail.com
1161,3482,freddimartin@hotmail.com
1162,381,bpgmitre@yahoo.com.ar
1163,334,biblioteca_ramirez@yahoo.com.ar
1164,4355,bipo_sabe@outlook.com
1165,2596,No posee mail
1166,4396,bernardi.bibliotecapopular@gmail.com
1167,340,institutomagnasco@hotmail.com
1168,2862,No posee mail
1169,3608,biblio.l.alem@hotmail.com
1170,4000,No posee mail
1171,4013,No posee mail
1172,4054,bpcup2001@yahoo.com.ar
1173,4078,serprotagonistas@gmail.com
1174,3917,bibliosansalvador@yahoo.com.ar
1175,3943,No posee mail
1176,364,bibliotecatala@gmail.com
1177,886,bluzobrera1919@yahoo.com.ar
1178,4146,bibliojherrera@yahoo.com.ar
1179,4164,No posee mail
1180,328,No posee mail
1181,3330,bpsimonotto@fibertel.com.ar
1182,3842,No posee mail
1183,3180,No posee mail
1184,3516,No posee mail
1185,3955,jjbogarin@hotmail.com
1186,3818,No posee mail
1187,3207,No posee mail
1188,3462,cesarmamani29@yahoo.com.ar
1189,3895,No posee mail
1190,3237,No posee mail
1191,1198,silvio_valencia@hotmail.com
1192,3219,biblmonterrico@gmail.com
1193,4163,No posee mail
1194,3251,bibliotecaerosiri@gmail.com
1195,2137,bibliotecariglos@yahoo.com.ar
1196,3386,biblioanguil@gmail.com
1197,2317,biblo2317@gmail.com
1198,3382,No posee mail
1199,3617,biblioconhello@yahoo.com.ar
1200,2316,biblomn@yahoo.com.ar
1201,1646,popularsarmiento@yahoo.com.ar
1202,2786,bibliotecammoreno@yahoo.com.ar
1203,3309,falciola@cooparauz.com.ar
1204,3546,bibliocq@hotmail.com
1205,2803,bibliotecajvg@yahoo.com.ar
1206,2807,bibliotecagarro@gmail.com
1207,816,bpraulbdiaz@yahoo.com.ar
1208,805,bibmartini@hotmail.com
1209,2355,bibliotecaingenieroluiggi@hotmail.com
1210,3434,gildarodriguez_73@hotmail.com
1211,819,bibliosm@cospec.com.ar
1212,897,bibliotecatoay@cpenet.com.ar
1213,724,No posee mail
1214,725,enriquealbertostoller@hotmail.com
1215,2672,No posee mail
1216,3209,No posee mail
1217,3932,No posee mail
1218,2188,bibliotecadimarco@yahoo.com.ar
1219,2131,bp2131sarmiento@yahoo.com.ar
1220,4314,No posee mail
1221,4255,noemi84@live.com.ar
1222,3625,No posee mail
1223,4315,bibliocarrodilla@live.com.ar
1224,4159,bibliolascompuertas@gmail.com
1225,2875,bibliopmalberdi@yahoo.com.ar
1226,4325,biblio_benitojuarez@yahoo.com.ar
1227,4138,No posee mail
1228,4183,No posee mail
1229,4271,bibliotecagutierrez@gmail.com
1230,3463,No posee mail
1231,692,bip692@hotmail.com
1232,3271,bibliotecadionisiochaca@gmail.com
1233,3750,No posee mail
1234,3981,labibliotecadelallave_ml@yahoo.com.ar
1235,4102,No posee mail
1236,3282,saltodelasrosasbiblioteca@yahoo.com.ar
1237,4099,No posee mail
1238,4018,No posee mail
1239,4095,bibliotecapopulartupungato@gmail.com
1240,3815,No posee mail
1241,3970,No posee mail
1242,3501,No posee mail
1243,3300,No posee mail
1244,3602,No posee mail
1245,2950,bibliotecaeldorado@hotmail.com
1246,3461,No posee mail
1247,3544,No posee mail
1248,4363,No posee mail
1249,3875,No posee mail
1250,4247,bibliopopu.sanpedro@gmail.com
1251,3260,No posee mail
1252,2747,bibliotecachrodriguez@gmail.com
1253,3354,No posee mail
1254,3102,No posee mail
1255,4296,bibliopopespaciodelibertad@yahoo.com.ar
1256,3143,bibliojuanbenigar@hotmail.com
1257,3168,bibliotecavalentinsayhueque@hotmail.com
1258,3023,bpgalvarez@yahoo.com.ar
1259,3764,No posee mail
1260,3097,bipopclq@yahoo.com.ar
1261,4305,bibpopjfernandez@hotmail.com
1262,827,No posee mail
1263,3833,No posee mail
1264,1522,bibliotecapopularjacobacci@yahoo.com.ar
1265,3619,No posee mail
1266,830,biblioteca.mitre@yahoo.com.ar
1267,832,bibliotecachoelechoel@yahoo.com.ar
1268,2128,bibliopizzurnobeltran@gmail.com
1269,3224,No posee mail
1270,3967,No posee mail
1271,2906,No posee mail
1272,3903,biblioteca_mundo_feliz@yahoo.com.ar
1273,2922,bpamigosdellibro@hotmail.com
1274,2114,bibliotecapopularroca@gmail.com
1275,3600,amancaybibliotecapopular@yahoo.com.ar
1276,3831,No posee mail
1277,3107,No posee mail
1278,4148,bibliotecanorquinco@gmail.com
1279,2968,biblionov@yahoo.com.ar
1280,3930,bibliotecapopulardinahuapi@gmail.com
1281,3996,No posee mail
1282,4131,No posee mail
1283,4385,barriolamadrid326@gmail.com
1284,3708,No posee mail
1285,3781,bibliotecapopularmariaestergauna@hotmail.com
1286,3868,bibaparicio@hotmail.com
1287,3953,No posee mail
1288,3973,No posee mail
1289,3938,bibliotecacerrillos@yahoo.com.ar
1290,2574,No posee mail
1291,1828,No posee mail
1292,4109,bibliotecaamparofdemaidana@yahoo.com.ar
1293,3373,No posee mail
1294,3695,No posee mail
1295,3286,bibliotecapopularelgalpon@yahoo.com.ar
1296,2849,No posee mail
1297,4056,No posee mail
1298,4048,No posee mail
1299,753,No posee mail
1300,3609,No posee mail
1301,4004,No posee mail
1302,700,No posee mail
1303,704,No posee mail
1304,1887,No posee mail
1305,4372,No posee mail
1306,3133,bibliosanjuan@hotmail.com
1307,707,No posee mail
1308,4084,No posee mail
1309,1898,No posee mail
1310,4027,No posee mail
1311,3706,oscarobles01@gmail.com
1312,714,bibliovallefertil@hotmail.com 
1313,3268,No posee mail
1314,4036,No posee mail
1315,3221,No posee mail
1316,3411,No posee mail
1317,595,No posee mail
1318,3504,labibliopopular@yahoo.com.ar
1319,3056,poetaaguero@merlo_sl.com.ar
1320,3594,bipa6@live.com.ar
1321,4369,bibliotecapopular.elfaro@gmail.com
1322,3396,No posee mail
1323,3216,bibliourbanojnunez9@yahoo.com.ar
1324,3399,No posee mail
1325,3242,bibliobornemann@gmail.com
1326,4072,No posee mail
1327,4186,biblioteborges@hotmail.com
1328,3358,No posee mail
1329,4046,biblocs@hotmail.com
1330,1789,bpsarmientoarmstrong@yahoo.com.ar
1331,2136,No posee mail
1332,1600,bibliotortugas@hotmail.com
1333,1138,No posee mail
1334,2905,No posee mail
1335,2189,biblbelgrano@gmail.com
1336,2601,bibliotecadeangelica@hotmail.com.ar
1337,2927,biblioteca2927@yahoo.com.ar
1338,3986,bp.mm@hotmail.com
1339,1654,No posee mail
1340,1680,aropalo@yahoo.com.ar
1341,424,bibliotecajbmolina@gmail.com
1342,481,bibliopeyrano@gmail.com
1343,2945,biblio2945amenabar@hotmail.com
1344,1952,biblioteca_chovet@hotmail.com
1345,3447,bpsarmiento1963@gmail.com
1346,3029,bibliohug@gmail.com
1347,2276,No posee mail
1348,1024,No posee mail
1349,2840,bp2840@bepe.ar
1350,4154,bp15dejunio@yahoo.com.ar
1351,2867,No posee mail
1352,426,biblioteca@malabrigo.com
1353,3664,No posee mail
1354,2012,biblio_marianomoreno@hotmail.com.ar
1355,2208,biblioppizzurno@hotmail.com
1356,1041,c3biblpizzurno1@yahoo.com.ar
1357,463,dgsilva23@hotmail.com
1358,2611,bibliotecambooz@gmail.com
1359,4330,biblioamilcarrenna@gmail.com
1360,4206,bibliotecagunziger@hotmail.com
1361,4298,bibliotecapopularnuevotorino@gmail.com
1362,4377,No posee mail
1363,2811,bibliosantodomingo@gmail.com
1364,470,bibliocgspano@msn.com
1365,1265,biblioteca25demayo@gmail.com
1366,4220,bibliotecajuliomigno@hotmail.com
1367,442,No posee mail
1368,1063,No posee mail
1369,3199,bibalfonsina@gmail.com
1370,3710,No posee mail
1371,4114,No posee mail
1372,4257,No posee mail
1373,3923,bpedronisoldini@yahoo.com.ar
1374,3892,bibliotecauranga@hotmail.com
1375,4397,cr19.biblioteca@gmail.com
1376,427,No posee mail
1377,3948,biblioalas@vtcc.com.ar
1378,3155,bpd@romang.trcnet.com.ar
1379,4356,bibliotecap_loslibrosyelrio@outlook.com.ar
1380,420,bibliotecagalvez@cablenet.com.ar
1381,476,biblalcacer@hotmail.com
1382,466,No posee mail
1383,3570,bibcb@hotmail.com
1384,2038,bibliotecapopular.almafuerte@gmail.com
1385,2631,No posee mail
1386,1838,bpsme@sme.com.ar
1387,3451,No posee mail
1388,4231,No posee mail
1389,3975,No posee mail
1390,615,No posee mail
1391,4323,No posee mail
1392,619,No posee mail
1393,3174,bibliotecadbravo@hotmail.com
1394,4089,mishquila8@hotmail.com
1395,1081,No posee mail
1396,1204,bpaalvarez@hotmail.com
1397,2084,bibliotecarrojas@gmail.com
1398,2262,No posee mail
1399,2578,No posee mail
1400,3496,bpclubdemaestros@hotmail.com
1401,3920,No posee mail
1402,4057,biblioteca_marmol@hotmail.com
1403,4067,No posee mail
1404,4225,No posee mail
1405,3927,No posee mail
1406,4025,No posee mail
1407,3816,bibliotecaeduardomiguel@hotmail.com
1408,4107,No posee mail
1409,1863,No posee mail
1410,2813,No posee mail
1411,2108,No posee mail
1412,3370,No posee mail
1413,2597,bibliotecaeduardoschmidt@hotmail.com.ar
1414,1180,No posee mail
1415,2130,No posee mail
1416,3120,No posee mail
1417,4050,bibliosaberciudadano@hotmail.com
1418,3539,biblugones@hotmail.com
1419,1611,No posee mail
1420,652,No posee mail
1421,2356,No posee mail
1422,3116,biblioarancibia@hotmail.com
1423,4303,No posee mail
1424,635,No posee mail
1425,938,No posee mail
1426,1850,No posee mail
1427,1278,ccibiblio@hotmail.com
1428,2982,bibmfierro@yahoo.com.ar
1429,2543,bjmarmol@yahoo.com.ar
1430,3824,bpmavellaneda@hotmail.com
1431,3908,bibliotecapopulardocksud@gmail.com
1432,252,punkyflores69@hotmail.com
1433,4086,No posee mail
1434,217,No posee mail
1435,911,No posee mail
1436,4265,bibliotecapopularoscarsmith@yahoo.com
1437,83,info@bibliotecaronco.com.ar
1438,100,abrbp@abrbp.org.ar
1439,3795,bpggbb@yahoo.com.ar
1440,3929,biblioteca_rosariosur@yahoo.com.ar
1441,4256,bibliotecamartinallica@yahoo.com.ar
1442,2841,No posee mail
1443,1021,bibliotecapizzurno@yahoo.com.ar
1444,1469,No posee mail
1445,4075,bibliotecapopularjmgutierrez@hotmail.com
1446,1864,bibliopopularpestalozzi@gmail.com
1447,2318,No posee mail
1448,93,bib_rivadavia@yahoo.com.ar
1449,1478,cultural_07@yahoo.com.ar
1450,3801,No posee mail
1451,1676,No posee mail
1452,4024,No posee mail
1453,3468,bibliotecatraverso@yahoo.com.ar
1454,2861,biblioingenieros@gmail.com
1455,2264,biblicast@yahoo.com.ar
1456,222,No posee mail
1457,3038,biblovillalujan@hotmail.com
1458,3631,labiblioamb@hotmail.com
1459,3571,No posee mail
1460,1347,biblioameghino@altisa.com.ar
1461,101,bibliotecasarmiento_2000@yahoo.com.ar
1462,118,No posee mail
1463,1620,No posee mail
1464,3452,No posee mail
1465,4357,bibliotecaeltrebol@gmail.com
1466,123,bibliotecasarmiento_varela@yahoo.com.ar
1467,3158,almafuertebib@yahoo.com.ar
1468,3916,No posee mail
1469,3767,No posee mail
1470,2789,No posee mail
1471,4076,No posee mail
1472,2063,No posee mail
1473,3724,bibliob@yahoo.com.ar
1474,3715,bibliojh97@yahoo.com.ar
1475,1454,No posee mail
1476,4125,bib-arocha@educar
1477,2880,No posee mail
1478,4228,biblioteca_alma@hotmail.com
1479,3921,bptinkunaku@yahoo.com.ar
1480,3762,biblioteca303@yahoo.com.ar
1481,1880,bibliomoreno@yahoo.com.ar
1482,3730,No posee mail
1483,3913,No posee mail
1484,2069,bibliotecapopularsanmartin@hotmail.com
1485,2098,bibliotecameridianov@hotmail.com
1486,2323,bibliotecafameghino@hotmail.com
1487,2498,No posee mail
1488,2644,No posee mail
1489,3681,No posee mail
1490,4140,bibliopcarlosbormida@yahoo.com.ar
1491,2271,cfloshornos@yahoo.com.ar
1492,3211,biblioharosteguy@yahoo.com.ar
1493,2713,No posee mail
1494,3828,roxanacaterbetti42@hotmail.com
1495,1706,bibprimerodemayo@hotmail.com
1496,3442,No posee mail
1497,122,No posee mail
1498,3149,No posee mail
1499,3404,No posee mail
1500,4121,bibliotecapopulardelaciudad@gmail.com
1501,4008,bibliotecapopular_sanjuan@hotmail.com
1502,2931,bibwcm@yahoo.com.ar
1503,3785,bibliotecapolvorines@gmail.com
1504,3243,No posee mail
1505,2662,bp_manuelbelgrano@hotmail.com
1506,3315,No posee mail
1507,4139,No posee mail
1508,4134,bibliotecasanjoseobrero@gmail.com
1509,4003,No posee mail
1510,4040,bibliotecajauretche@yahoo.com.ar
1511,3049,No posee mail
1512,3885,biblioalma@yahoo.com.ar
1513,195,biberenchu@copesnet.com.ar
1514,135,No posee mail
1515,3811,biblioindependencia@hotmail.com
1516,4176,No posee mail
1517,1633,No posee mail
1518,3255,biblioteca3255@yahoo.com.ar
1519,2073,No posee mail
1520,1452,No posee mail
1521,898,bibliotecapilar@yahoo.com.ar
1522,3968,casadelacultura2002@yahoo.com.ar
1523,1988,No posee mail
1524,3969,bibliotecapopularcooperarios@yahoo.com.ar
1525,4156,bibliotecajmvilaseca@gmail.com
1526,4311,delriobiblioteca@yahoo.com.ar
1527,3585,No posee mail
1528,3793,No posee mail
1529,4205,bibliotecaevaperon.rauch@yahoo.com.ar
1530,2341,giseafrica@yahoo.com.ar
1531,2428,No posee mail
1532,4127,renacer465adulce@hotmail.com.ar
1533,3743,No posee mail
1534,2022,bpromulonaon@gmail.com
1535,3690,No posee mail
1536,4175,biblosnuevoser@hotmail.com
1537,4393,No posee mail
1538,4071,No posee mail
1539,125,bibliotecadfs@hotmail.com
1540,1194,No posee mail
1541,3075,tcdehesa@yahoo.com.ar
1542,4230,No posee mail
1543,3173,biblio@tapalque.mun.gba.gov.ar
1544,2863,No posee mail
1545,4292,comunitariocaraguata@yahoo.com.ar
1546,966,bibliotecatornquist@yahoo.com.ar
1547,3616,No posee mail
1548,1388,marialemorcillo@gmail.com
1549,4348,bibliotecahdelgiorgio@gmail.com
1550,115,bpalberdi@yahoo.com.ar
1551,4020,No posee mail
1552,860,bpmoreno@hotmail.com
1553,2107,No posee mail
1554,4129,bibliotecapopulararandu@hotmail.com
1555,4210,bpsudestada@yahoo.com.ar
1556,2928,No posee mail
1557,749,No posee mail
1558,3560,No posee mail
1559,730,bibliochum@yahoo.com.ar
1560,3494,No posee mail
1561,2991,bibliotecaesquiu2991@yahoo.com.ar
1562,3653,No posee mail
1563,3542,No posee mail
1564,4272,No posee mail
1565,3577,No posee mail
1566,3554,No posee mail
1567,3493,No posee mail
1568,3393,No posee mail
1569,3325,No posee mail
1570,3507,fanischlegel@hotmail.com
1571,3553,No posee mail
1572,3004,josealumnibp72@gmail.com
1573,2297,bibciervopetiso@yahoo.com.ar
1574,3457,bibliotecatuckey@live.com.ar
1575,3439,3439bp@gmail.com
1576,3492,bib_cervantes@yahoo.com.ar
1577,3014,No posee mail
1578,779,biblio80rivadavia@yahoo.com.ar
1579,780,No posee mail
1580,2692,bib.herrera2692@hotmail.com
1581,3009,bepcgc@yahoo.com.ar
1582,3384,No posee mail
1583,3453,popularevita2012@yahoo.com.ar
1584,3534,bca_alfredoveirave@hotmail.com
1585,4339,bibliotecaraulalfonsinmadryn@hotmail.com
1586,3277,bibliotecacobo@gmail.com
1587,3959,bibliotecarucaraquizuam@hotmail.com.ar
1588,4306,bpelblanco@hotmail.com
1589,3257,No posee mail
1590,3037,biblagopuelo@yahoo.com.ar
1591,3638,No posee mail
1592,4143,biblioteca_simon@hotmail.com
1593,3202,No posee mail
1594,3685,No posee mail
1595,3835,bpkim-hue@hotmail.com
1596,4033,No posee mail
1597,1344,trjgonzalez@outlook.com
1598,4268,bibliopopuche@hotmail.com.ar
1599,4295,bibliotecapopularmanuelugarte@gmail.com
1600,1131,bibliomorris@hotmail.com
1601,1187,bibliotecapueyrredonsud@gmail.com
1602,2014,bibliotecanazar@yahoo.com.ar
1603,2233,asocvecvilladelparque@hotmail.com
1604,2558,asociacionalvear@yahoo.com.ar
1605,3982,No posee mail
1606,19,popular12deoctubre@hotmail.com
1607,2257,bibliotecatejeda@hotmail.com
1608,2776,biblioteca_lac@hotmail.com
1609,3707,bpra3707@gmail.com
1610,4245,bibpopmsaleme@yahoo.com.ar
1611,1659,bibliotecapopularlabicicleta@gmail.com
1612,539,No posee mail
1613,2021,bpjovita@jovitacoop.com.ar
1614,543,No posee mail
1615,2162,No posee mail
1616,2406,biblioteca.marianomoreno@villamaria.gob.ar
1617,3595,bibliopopcarnerillo@yahoo.com.ar
1618,3915,No posee mail
1619,2858,No posee mail
1620,3139,No posee mail
1621,3592,bibliotecapopularlidiacesanelli@yahoo.com.ar
1622,4016,bibliotecajhernandez@tutopia.com
1623,3867,No posee mail
1624,3055,No posee mail
1625,2978,No posee mail
1626,3629,blugones@gmail.com
1627,4238,No posee mail
1628,3015,bibliotecasscc@hotmail.com
1629,3597,No posee mail
1630,3702,No posee mail
1631,2006,No posee mail
1632,3990,adriflores71@hotmail.com
1633,4343,No posee mail
1634,581,bisarlasvarillas@gmail.com
1635,2360,clubalmafuertelv970@gmail.com
1636,560,bibliotecapopularycc@gmail.com
1637,3748,No posee mail
1638,1647,labpdealtagracia@gmail.com
1639,3763,pizzurno10@hotmail.com
1640,4019,bibliotecahg@gmail.com
1641,2936,bibliotecatancacha@hotmail.com
1642,528,bprjcarcano@yahoo.com.ar
1643,3258,No posee mail
1644,3826,No posee mail
1645,4307,bibliotecaescritorescorrentinos@hotmail.com
1646,517,acyacbpr@gmail.com
1647,4264,No posee mail
1648,2595,bp2595@gmail.com
1649,506,biblio506@hotmail.com
1650,2171,bibliotecalainez@hotmail.com
1651,511,bsarmiento@arnet.com.ar
1652,387,biburquiza@yahoo.com.ar
1653,3589,biblioteca3589@hotmail.com
1654,4189,No posee mail
1655,324,gerebasso@yahoo.com.ar
1656,4378,bibliotecaestacionpuiggari@gmail.com
1657,382,bibliofederal@hotmail.com
1658,342,bibpopmastronardi@yahoo.com.ar
1659,1201,No posee mail
1660,375,No posee mail
1661,3441,No posee mail
1662,354,No posee mail
1663,4043,biblioteca.avellaneda@gmail.com
1664,4350,No posee mail
1665,355,ComisionDirectiva@bibliotecaparana.org.ar
1666,383,bpmitre0383@gmail.com
1667,3433,bpmargaritadiez@hotmail.com
1668,3776,No posee mail
1669,3269,No posee mail
1670,2974,biblisanmartin@hotmail.com
1671,3387,No posee mail
1672,3391,bibliotecapopularjorgecalvetti@hotmail.com 
1673,766,bibpojuj@imagine.com.ar
1674,3657,bibliotecaepam3@yahoo.com.ar
1675,763,bibliotecadomingotperez@gmail.com
1676,3627,No posee mail
1677,3185,No posee mail
1678,913,No posee mail
1679,4172,No posee mail
1680,3263,No posee mail
1681,3503,No posee mail
1682,2699,No posee mail
1683,1990,bibliorolon@gmail.com
1684,4300,bpjoaquinanchorena@gmail.com
1685,4270,bibliomiguelgomez@gmail.com
1686,4287,No posee mail
1687,2679,bprenovacion@gmail.com
1688,1499,bibliovertiz@yahoo.com.ar
1689,3250,biblioalp@yahoo.com.ar
1690,2259,guatrachebpalmafuerte@gmail.com
1691,3416,bibliojosebarbero@gmail.com
1692,883,biblioteca_adelvalle@hotmail.com
1693,3618,No posee mail
1694,1555,almafuerte_1555@yahoo.com.ar
1695,3186,bibliotecalamaruja@hotmail.com
1696,3480,bibliotecajorgepicca@yahoo.com.ar
1697,1766,bibrancul452@hotmail.com
1698,3565,vanpraetbiblioteca@yahoo.com.ar
1699,916,margaretsos@hotmail.com
1700,811,No posee mail
1701,1556,biblioarata@yahoo.com.ar
1702,2373,bibpopataliva@yahoo.com.ar
1703,2387,biblioteca_sv@yahoo.com.ar
1704,901,biflora.me@hotmail.com
1705,4370,No posee mail
1706,1775,No posee mail
1707,3962,No posee mail
1708,2293,No posee mail
1709,1364,bibliotecadeoeste@hotmail.com 
1710,4382,No posee mail
1711,3264,No posee mail
1712,3550,No posee mail
1713,3057,bip3057@gmail.com
1714,3947,No posee mail
1715,4310,bplibrosabiertosmza@gmail.com
1716,3498,No posee mail
1717,3725,bibliochacras@yahoo.com.ar
1718,3233,bpmmorenochilecito@yahoo.com.ar
1719,3423,No posee mail
1720,1576,bibpop1576@yahoo.com.ar
1721,3212,bpderly@yahoo.com.ar
1722,3306,No posee mail
1723,4144,bibloaltoverde@yahoo.com.ar
1724,3662,bibliotecapopularesteves@gmail.com
1725,4394,bibliotecapopularelurunday@gmail.com
1726,3421,bibliotecapopularchepoya@gmail.com
1727,3312,No posee mail
1728,3405,No posee mail
1729,2561,bibpopsarmiento@yahoo.com.ar
1730,3935,popularsabato@gmail.com
1731,803,No posee mail
1732,3825,No posee mail
1733,3788,No posee mail
1734,3756,bibliotecachanar@yahoo.com.ar
1735,3091,No posee mail
1736,3175,No posee mail
1737,3295,No posee mail
1738,3642,No posee mail
1739,1342,bibliotecajbalberdi@gmail.com
1740,3104,suyaimapu@yahoo.com.ar
1741,3130,dario.millain@gmail.com
1742,3137,biblioeliel@gmail.com
1743,3145,bibliotecaedelman@yahoo.com.ar
1744,3332,No posee mail
1745,3381,biblioteca_irmac@yahoo.com.ar
1746,4113,bgsmartin@hotmail.com
1747,4162,Biblioteca.popular.huilliches@gmail.com
1748,4237,bibliotecapopularsalomon@hotmail.com
1749,3090,No posee mail
1750,3087,No posee mail
1751,3581,No posee mail
1752,2142,bibliotecaphuecu@hotmail.com
1753,3807,No posee mail
1754,1701,bibliotecasarmiento@elbolson.com
1755,4023,aliciainchauspe@bariloche.com.ar
1756,3151,No posee mail
1757,2603,biblio5saltos@hotmail.com
1758,3361,No posee mail
1759,4153,bibliorivera@yahoo.com.ar
1760,4261,bibliotecapopjuliocortazar@hotmail.com
1761,2891,BPRICARDOROJAS@HOTMAIL.COM
1762,3599,No posee mail
1763,3941,bibliotecapilcaniyeu@yahoo.com.ar
1764,3083,bibliotecaceferino@yahoo.com.ar
1765,3121,No posee mail
1766,3372,No posee mail
1767,3940,No posee mail
1768,4112,No posee mail
1769,3474,bpmacachaguemes-3474@hotmail.com
1770,3808,bibliotecafcosolano@hotmail.es
1771,3942,No posee mail
1772,4168,No posee mail
1773,4317,bibliotecamariemadeleine@gmail.com
1774,4342,biblioteca.rosaparks@hotmail.com
1775,4375,No posee mail
1776,4035,bipmirabal@hotmail.com
1777,3519,No posee mail
1778,3065,No posee mail
1779,2242,bp_camilorojo@yahoo.com.ar
1780,3213,asic_americas@yahoo.com.ar
1781,713,No posee mail
1782,4390,No posee mail
1783,11,No posee mail
1784,702,No posee mail
1785,4064,No posee mail
1786,4327,No posee mail
1787,3223,No posee mail
1788,3490,bibliotecapabloramellasj@hotmail.com
1789,4058,No posee mail
1790,4284,No posee mail
1791,3112,bibjulioeliasbriggiler@yahoo.com.ar
1792,3988,No posee mail
1793,596,No posee mail
1794,603,mario_saulsosa@hotmail.com
1795,3273,bibliotecapopularcaminito@hotmail.com
1796,3425,No posee mail
1797,3357,No posee mail
1798,3444,marthaag_05@hotmail.com
1799,3412,No posee mail
1800,1827,evelynbcrr9@gmail.com
1801,3188,aguero_cnbp_vm3188@yahoo.com.ar
1802,3284,micaelabeatriz@hotmail.com
1803,3430,bibliojuanpascualpringles2012@hotmail.com
1804,3323,bibliodelmirador@yahoo.com.ar
1805,3367,No posee mail
1806,3142,No posee mail
1807,3524,No posee mail
1808,3556,No posee mail
1809,4227,No posee mail
1810,4361,No posee mail
1811,3163,bibliobouquet@hotmail.com
1812,1599,bpmitrearequito@gmail.com
1813,1035,No posee mail
1814,4365,bp_arcoiris_bi@yahoo.com.ar
1815,2722,No posee mail
1816,1408,bpmoreno1408@yahoo.com.ar
1817,4337,bibliotecareinaudi@hotmail.com
1818,2997,bpmj@coopmj.com.ar
1819,2254,biblioteca_jmestrada@hotmail.com
1820,4291,bibliombrasca@hotmail.com
1821,859,bibliotecabombal@bombal.net.ar
1822,475,No posee mail
1823,1399,No posee mail
1824,479,bibliotecapeylsp@yahoo.com.ar
1825,467,bpmanuelbelgrano@hotmail.com
1826,468,mariaperrissol@gmail.com
1827,1724,No posee mail
1828,2472,bibliomm@hotmail.com
1829,488,bibliopopular488@hotmail.com
1830,1175,bibliopoprmunijoseingenieros@gmail.com
1831,1472,bibliosancti@coopsancti.com.ar
1832,491,No posee mail
1833,1582,aliciamargalida2002@yahoo.com.ar
1834,2642,bibliopopularmmavellaneda@hotmail.com
1835,4167,bibjuliomigno@hotmail.com
1836,3741,No posee mail
1837,2178,biblioteca_carrizales@hotmail.com
1838,3936,bibpcorrea@hotmail.com
1839,2384,No posee mail
1840,487,biblioteca_moreno@yahoo.com.ar
1841,2123,bibliobrown@hotmail.com
1842,4301,bibliotecapopularosvaldobayer@yahoo.com.ar
1843,4308,juglaressinfrontera@gmail.com
1844,2885,jbalberdi@educ.ar
1845,945,bibliohumboldt@arnet.com.ar
1846,2207,biblioteca.jbalberdi@hotmail.com
1847,4381,josehernandezbibliotecapopular@gmail.com
1848,4379,bibpop.angelaperaltapino@hotmail.com
1849,4234,comunasape@yahoo.com.ar
1850,462,bibliogkellerscs@hotmail.com
1851,416,No posee mail
1852,4147,No posee mail
1853,483,bibpopee@yahoo.com.ar
1854,1259,No posee mail
1855,1989,No posee mail
1856,2004,bibliotecaalberdi@hotmail.com
1857,2449,biblarg@rosario.gov.ar
1858,2690,bpccvigil@gmail.com
1859,3006,bpmorenorosario@hotmail.com.ar
1860,3971,No posee mail
1861,4321,No posee mail
1862,2187,bibpopalberdi@yahoo.com.ar
1863,460,bibliotecapop_sancristobal@hotmail.com
1864,2655,No posee mail
1865,925,bibliotecagcrespo@hotmail.com.ar
1866,1135,No posee mail
1867,991,biblioteca@sanjustosf.com.ar
1868,3977,normagcarena@hotmail.com
1869,4353,videlac.cultural@gmail.com
1870,3635,No posee mail
1871,429,No posee mail
1872,985,bmitre24@yahoo.com.ar
1873,3365,bibliopiccolo@eltrebol.gov.ar
1874,1970,bpsm1970@gmail.com
1875,876,bipsm@sme.com.ar
1876,4011,No posee mail
1877,4233,No posee mail
1878,3379,biblioteca@cosemar.com.ar
1879,624,No posee mail
1880,4091,No posee mail
1881,2252,bpbelgrano2252_bandera@hotmail.com
1882,3115,No posee mail
1883,1007,No posee mail
1884,3489,No posee mail
1885,3533,No posee mail
1886,4190,No posee mail
1887,3562,No posee mail
1888,612,pedrourquizanqn@hotmail.com
1889,4253,bpmarianomorenoph@gmail.com
1890,3694,No posee mail
1891,2854,No posee mail
1892,1497,juanaro66@hotmail.com
1893,3239,bibliotecaij@hotmail.com
1894,3252,No posee mail
1895,4386,patriagrandebp@gmail.com
1896,1851,No posee mail
1897,4333,bpob.osvaldobayer@gmail.com
1898,3989,No posee mail
1899,908,No posee mail
1900,2418,bibliotecaluisabuffodeferro@yahoo.com.ar
1901,3159,No posee mail
